case,view,cycles,driver,exact_impact,absolute_error_median,absolute_error_p95,absolute_error_max,relative_error_p95,material,sign_errors
cubic,controlled,64,0,200.0,9.375,25.078125,26.5625,0.125390625,True,0
cubic,controlled,64,1,200.0,8.59375,31.406250000000004,34.375,0.15703125,True,0
cubic,controlled,64,2,200.0,9.375,22.265625000000007,29.6875,0.11132812500000003,True,0
cubic,controlled,256,0,200.0,5.078125,13.125000000000009,25.0,0.06562500000000004,True,0
cubic,controlled,256,1,200.0,6.25,9.511718750000007,19.53125,0.04755859375000004,True,0
cubic,controlled,256,2,200.0,5.2734375,13.476562500000004,17.1875,0.06738281250000001,True,0
cubic,controlled,1024,0,200.0,2.9296875,6.909179687500001,8.30078125,0.03454589843750001,True,0
cubic,controlled,1024,1,200.0,2.63671875,7.851562500000001,8.59375,0.0392578125,True,0
cubic,controlled,1024,2,200.0,3.41796875,7.12890625,7.12890625,0.03564453125,True,0
existing_14,local,64,bonus_kpi,1.6666666666666663,0.03124999999999989,0.08906250000000633,0.09895833333332749,0.05343750000000381,True,0
existing_14,local,64,grade_mix_within_region,-0.08722222222226012,0.214713541666601,0.7724782986110086,1.15965277777765,8.856439092351666,False,0
existing_14,local,64,holiday_pay,0.0,0.0,0.0,0.0,,False,0
existing_14,local,64,night_shift_pay,0.0,0.0,0.0,0.0,,False,0
existing_14,local,64,other_pay,0.0,0.0,0.0,0.0,,False,0
existing_14,local,64,overtime,0.0,0.0,0.0,0.0,,False,0
existing_14,local,64,quarterly_bonus,0.0,0.0,0.0,0.0,,False,0
existing_14,local,64,regional_mix,14.007222222222254,0.301822916666719,0.6793463541665117,0.8694618055556269,0.048499719886555284,True,0
existing_14,local,64,sharing_bonus,0.0,0.0,0.0,0.0,,False,0
existing_14,local,64,sick_leave_pay,-7.277777777777773,0.1458333333333348,0.469097222222233,0.6076388888889035,0.06445610687023053,True,0
existing_14,local,64,underlying_salary_level,6.6461111111111,0.10716145833333268,0.21560937499999913,0.21564236111111246,0.0324414340048482,True,0
existing_14,local,64,vacation_pay,0.0,0.0,0.0,0.0,,False,0
existing_14,local,64,within_cell_workforce_mix,2.357222222222247,0.18528645833333868,0.4999392361110692,0.5419965277777212,0.2120882924817146,True,0
existing_14,local,64,worked_hours,12.687777777777745,0.27291666666666803,0.4822960069444258,0.5463715277777599,0.03801264613801422,True,0
existing_14,local,256,bonus_kpi,1.6666666666666663,0.027994791666678953,0.057682291666676995,0.06510416666667762,0.0346093750000062,True,0
existing_14,local,256,grade_mix_within_region,-0.08722222222226012,0.11708984375001205,0.2524197048614044,0.35991319444455044,2.89398387739064,False,0
existing_14,local,256,holiday_pay,0.0,0.0,0.0,0.0,,False,0
existing_14,local,256,night_shift_pay,0.0,0.0,0.0,0.0,,False,0
existing_14,local,256,other_pay,0.0,0.0,0.0,0.0,,False,0
existing_14,local,256,overtime,0.0,0.0,0.0,0.0,,False,0
existing_14,local,256,quarterly_bonus,0.0,0.0,0.0,0.0,,False,0
existing_14,local,256,regional_mix,14.007222222222254,0.15416666666673606,0.40222547743079146,0.4544878472224063,0.028715577653409867,True,0
existing_14,local,256,sharing_bonus,0.0,0.0,0.0,0.0,,False,0
existing_14,local,256,sick_leave_pay,-7.277777777777773,0.07291666666666563,0.26128472222219934,0.261284722222201,0.03590171755724879,True,0
existing_14,local,256,underlying_salary_level,6.6461111111111,0.05843098958333348,0.1351095920138784,0.1518706597222108,0.02032912025620509,True,0
existing_14,local,256,vacation_pay,0.0,0.0,0.0,0.0,,False,0
existing_14,local,256,within_cell_workforce_mix,2.357222222222247,0.1278320312500021,0.29710677083331616,0.40286024305558477,0.1260410529106678,True,0
existing_14,local,256,worked_hours,12.687777777777745,0.08556423611108599,0.275174696180582,0.307274305555584,0.021688171167573732,True,0
existing_14,local,1024,bonus_kpi,1.6666666666666663,0.0144856770833105,0.029443359374977662,0.04459635416668517,0.0176660156249866,True,0
existing_14,local,1024,grade_mix_within_region,-0.08722222222226012,0.07922471788219687,0.17858913845510485,0.18831488715315337,2.0475187848347076,False,0
existing_14,local,1024,holiday_pay,0.0,0.0,0.0,0.0,,False,0
existing_14,local,1024,night_shift_pay,0.0,0.0,0.0,0.0,,False,0
existing_14,local,1024,other_pay,0.0,0.0,0.0,0.0,,False,0
existing_14,local,1024,overtime,0.0,0.0,0.0,0.0,,False,0
existing_14,local,1024,quarterly_bonus,0.0,0.0,0.0,0.0,,False,0
existing_14,local,1024,regional_mix,14.007222222222254,0.06425781250035456,0.11973198784860914,0.13383355034856592,0.00854787522815595,True,0
existing_14,local,1024,sharing_bonus,0.0,0.0,0.0,0.0,,False,0
existing_14,local,1024,sick_leave_pay,-7.277777777777773,0.04785156250000577,0.10800781249998925,0.11089409722226229,0.014840768129769524,True,0
existing_14,local,1024,underlying_salary_level,6.6461111111111,0.023575846354167318,0.07028906250006048,0.09177951388882377,0.010575968611561402,True,0
existing_14,local,1024,vacation_pay,0.0,0.0,0.0,0.0,,False,0
existing_14,local,1024,within_cell_workforce_mix,2.357222222222247,0.07202962239584298,0.13395372178830353,0.15740993923626867,0.05682693830283851,True,0
existing_14,local,1024,worked_hours,12.687777777777745,0.0597330729166643,0.11575537109372301,0.12408745659725184,0.009123376301283036,True,0
existing_14,organization,64,bonus_kpi,1.666666666666666,0.03124999999999989,0.08906250000000632,0.09895833333332726,0.05343750000000381,True,0
existing_14,organization,64,grade_mix_within_region,-0.0872222222222601,0.21471354166660095,0.7724782986110085,1.15965277777765,8.856439092351666,False,0
existing_14,organization,64,holiday_pay,0.0,0.0,0.0,0.0,,False,0
existing_14,organization,64,night_shift_pay,0.0,0.0,0.0,0.0,,False,0
existing_14,organization,64,other_pay,0.0,0.0,0.0,0.0,,False,0
existing_14,organization,64,overtime,0.0,0.0,0.0,0.0,,False,0
existing_14,organization,64,quarterly_bonus,0.0,0.0,0.0,0.0,,False,0
existing_14,organization,64,regional_mix,14.00722222222225,0.3018229166667181,0.6793463541665116,0.8694618055556251,0.04849971988655529,True,0
existing_14,organization,64,sharing_bonus,0.0,0.0,0.0,0.0,,False,0
existing_14,organization,64,sick_leave_pay,-7.277777777777772,0.1458333333333348,0.469097222222233,0.6076388888889035,0.06445610687023054,True,0
existing_14,organization,64,underlying_salary_level,6.646111111111099,0.10716145833333268,0.21560937499999913,0.21564236111111246,0.03244143400484821,True,0
existing_14,organization,64,vacation_pay,0.0,0.0,0.0,0.0,,False,0
existing_14,organization,64,within_cell_workforce_mix,2.357222222222247,0.18528645833333868,0.4999392361110688,0.5419965277777208,0.21208829248171443,True,0
existing_14,organization,64,worked_hours,12.687777777777743,0.27291666666666803,0.4822960069444258,0.5463715277777599,0.03801264613801423,True,0
existing_14,organization,256,bonus_kpi,1.666666666666666,0.027994791666678953,0.057682291666676995,0.06510416666667762,0.03460937500000621,True,0
existing_14,organization,256,grade_mix_within_region,-0.0872222222222601,0.11708984375001202,0.25241970486140436,0.35991319444455033,2.89398387739064,False,0
existing_14,organization,256,holiday_pay,0.0,0.0,0.0,0.0,,False,0
existing_14,organization,256,night_shift_pay,0.0,0.0,0.0,0.0,,False,0
existing_14,organization,256,other_pay,0.0,0.0,0.0,0.0,,False,0
existing_14,organization,256,overtime,0.0,0.0,0.0,0.0,,False,0
existing_14,organization,256,quarterly_bonus,0.0,0.0,0.0,0.0,,False,0
existing_14,organization,256,regional_mix,14.00722222222225,0.15416666666673517,0.4022254774307897,0.45448784722240454,0.02871557765340975,True,0
existing_14,organization,256,sharing_bonus,0.0,0.0,0.0,0.0,,False,0
existing_14,organization,256,sick_leave_pay,-7.277777777777772,0.07291666666666519,0.26128472222219934,0.261284722222201,0.03590171755724879,True,0
existing_14,organization,256,underlying_salary_level,6.646111111111099,0.05843098958333348,0.1351095920138784,0.1518706597222108,0.020329120256205094,True,0
existing_14,organization,256,vacation_pay,0.0,0.0,0.0,0.0,,False,0
existing_14,organization,256,within_cell_workforce_mix,2.357222222222247,0.1278320312500023,0.2971067708333157,0.402860243055585,0.1260410529106676,True,0
existing_14,organization,256,worked_hours,12.687777777777743,0.08556423611108599,0.275174696180582,0.307274305555584,0.021688171167573735,True,0
existing_14,organization,1024,bonus_kpi,1.666666666666666,0.0144856770833105,0.029443359374977662,0.04459635416668517,0.017666015624986604,True,0
existing_14,organization,1024,grade_mix_within_region,-0.0872222222222601,0.07922471788219686,0.1785891384551048,0.1883148871531533,2.0475187848347076,False,0
existing_14,organization,1024,holiday_pay,0.0,0.0,0.0,0.0,,False,0
existing_14,organization,1024,night_shift_pay,0.0,0.0,0.0,0.0,,False,0
existing_14,organization,1024,other_pay,0.0,0.0,0.0,0.0,,False,0
existing_14,organization,1024,overtime,0.0,0.0,0.0,0.0,,False,0
existing_14,organization,1024,quarterly_bonus,0.0,0.0,0.0,0.0,,False,0
existing_14,organization,1024,regional_mix,14.00722222222225,0.06425781250035367,0.11973198784860736,0.13383355034856415,0.008547875228155826,True,0
existing_14,organization,1024,sharing_bonus,0.0,0.0,0.0,0.0,,False,0
existing_14,organization,1024,sick_leave_pay,-7.277777777777772,0.04785156250000577,0.10800781249998921,0.1108940972222614,0.01484076812976952,True,0
existing_14,organization,1024,underlying_salary_level,6.646111111111099,0.023575846354167318,0.07028906250006048,0.09177951388882377,0.010575968611561404,True,0
existing_14,organization,1024,vacation_pay,0.0,0.0,0.0,0.0,,False,0
existing_14,organization,1024,within_cell_workforce_mix,2.357222222222247,0.07202962239584298,0.1339537217883035,0.15740993923626823,0.056826938302838505,True,0
existing_14,organization,1024,worked_hours,12.687777777777743,0.0597330729166643,0.11575537109372301,0.12408745659725184,0.009123376301283036,True,0
existing_14,permanent_unit,64,bonus_kpi,0.5555555555555556,0.01041666666666663,0.029687500000002073,0.03298611111110916,0.05343750000000373,True,0
existing_14,permanent_unit,64,grade_mix_within_region,-0.029074074074086714,0.07157118055553369,0.2574927662036696,0.38655092592588347,8.856439092351664,False,0
existing_14,permanent_unit,64,holiday_pay,0.0,0.0,0.0,0.0,,False,0
existing_14,permanent_unit,64,night_shift_pay,0.0,0.0,0.0,0.0,,False,0
existing_14,permanent_unit,64,other_pay,0.0,0.0,0.0,0.0,,False,0
existing_14,permanent_unit,64,overtime,0.0,0.0,0.0,0.0,,False,0
existing_14,permanent_unit,64,quarterly_bonus,0.0,0.0,0.0,0.0,,False,0
existing_14,permanent_unit,64,regional_mix,4.669074074074086,0.10060763888890634,0.22644878472217056,0.28982060185187564,0.04849971988655527,True,0
existing_14,permanent_unit,64,sharing_bonus,0.0,0.0,0.0,0.0,,False,0
existing_14,permanent_unit,64,sick_leave_pay,-2.425925925925925,0.048611111111111605,0.15636574074074433,0.20254629629630116,0.06445610687023051,True,0
existing_14,permanent_unit,64,underlying_salary_level,2.2153703703703673,0.035720486111110894,0.07186979166666652,0.07188078703703749,0.03244143400484826,True,0
existing_14,permanent_unit,64,vacation_pay,0.0,0.0,0.0,0.0,,False,0
existing_14,permanent_unit,64,within_cell_workforce_mix,0.7857407407407493,0.06176215277777963,0.16664641203702307,0.1806655092592404,0.21208829248171454,True,0
existing_14,permanent_unit,64,worked_hours,4.2292592592592495,0.09097222222222268,0.16076533564814166,0.18212384259258663,0.03801264613801414,True,0
existing_14,permanent_unit,256,bonus_kpi,0.5555555555555556,0.009331597222226318,0.019227430555558995,0.021701388888892503,0.034609375000006194,True,0
existing_14,permanent_unit,256,grade_mix_within_region,-0.029074074074086714,0.03902994791667069,0.08413990162046817,0.11997106481485018,2.89398387739064,False,0
existing_14,permanent_unit,256,holiday_pay,0.0,0.0,0.0,0.0,,False,0
existing_14,permanent_unit,256,night_shift_pay,0.0,0.0,0.0,0.0,,False,0
existing_14,permanent_unit,256,other_pay,0.0,0.0,0.0,0.0,,False,0
existing_14,permanent_unit,256,overtime,0.0,0.0,0.0,0.0,,False,0
existing_14,permanent_unit,256,quarterly_bonus,0.0,0.0,0.0,0.0,,False,0
existing_14,permanent_unit,256,regional_mix,4.669074074074086,0.05138888888891202,0.13407515914359713,0.15149594907413544,0.02871557765340986,True,0
existing_14,permanent_unit,256,sharing_bonus,0.0,0.0,0.0,0.0,,False,0
existing_14,permanent_unit,256,sick_leave_pay,-2.425925925925925,0.024305555555555136,0.08709490740739992,0.08709490740740033,0.03590171755724883,True,0
existing_14,permanent_unit,256,underlying_salary_level,2.2153703703703673,0.0194769965277779,0.04503653067129294,0.050623553240737085,0.020329120256205153,True,0
existing_14,permanent_unit,256,vacation_pay,0.0,0.0,0.0,0.0,,False,0
existing_14,permanent_unit,256,within_cell_workforce_mix,0.7857407407407493,0.0426106770833341,0.09903559027777205,0.134286747685195,0.12604105291066775,True,0
existing_14,permanent_unit,256,worked_hours,4.2292592592592495,0.028521412037028515,0.09172489872686095,0.102424768518528,0.02168817116757379,True,0
existing_14,permanent_unit,1024,bonus_kpi,0.5555555555555556,0.004828559027770185,0.009814453124992554,0.014865451388895057,0.017666015624986597,True,0
existing_14,permanent_unit,1024,grade_mix_within_region,-0.029074074074086714,0.026408239294065633,0.059529712818368295,0.06277162905105113,2.047518784834707,False,0
existing_14,permanent_unit,1024,holiday_pay,0.0,0.0,0.0,0.0,,False,0
existing_14,permanent_unit,1024,night_shift_pay,0.0,0.0,0.0,0.0,,False,0
existing_14,permanent_unit,1024,other_pay,0.0,0.0,0.0,0.0,,False,0
existing_14,permanent_unit,1024,overtime,0.0,0.0,0.0,0.0,,False,0
existing_14,permanent_unit,1024,quarterly_bonus,0.0,0.0,0.0,0.0,,False,0
existing_14,permanent_unit,1024,regional_mix,4.669074074074086,0.02141927083345152,0.039910662616203046,0.044611183449521974,0.008547875228155947,True,0
existing_14,permanent_unit,1024,sharing_bonus,0.0,0.0,0.0,0.0,,False,0
existing_14,permanent_unit,1024,sick_leave_pay,-2.425925925925925,0.015950520833335258,0.03600260416666308,0.03696469907408728,0.014840768129769519,True,0
existing_14,permanent_unit,1024,underlying_salary_level,2.2153703703703673,0.007858615451389106,0.02342968750002002,0.03059317129627459,0.010575968611561336,True,0
existing_14,permanent_unit,1024,vacation_pay,0.0,0.0,0.0,0.0,,False,0
existing_14,permanent_unit,1024,within_cell_workforce_mix,0.7857407407407493,0.02400987413194766,0.04465124059610118,0.05246997974542289,0.05682693830283849,True,0
existing_14,permanent_unit,1024,worked_hours,4.2292592592592495,0.019911024305554914,0.03858512369790739,0.04136248553241728,0.009123376301282966,True,0
extended_20,local,64,bonus_kpi,-2081.107954546277,221.1177201705434,812.6076216267456,847.6179273204077,0.3904687500000019,False,0
extended_20,local,64,extra_payment_1,39991.70303031884,26.275757575760508,107.07371212123984,144.516666666721,0.002677398160315009,True,0
extended_20,local,64,extra_payment_2,68016.67532470221,32.84469696971064,80.46950757578745,93.84199134203664,0.0011830849889624437,True,0
extended_20,local,64,extra_payment_3,119975.10909095652,137.94772727281088,396.10704545468326,433.5500000001921,0.00330157687253598,True,0
extended_20,local,64,extra_payment_4,136033.35064940443,28.152597402600804,180.1766233766932,215.83658008664497,0.0013245033112582677,True,0
extended_20,local,64,extra_payment_5,199958.5151515942,262.757575757656,660.1784090911563,722.5833333336341,0.0033015768725360673,True,0
extended_20,local,64,extra_payment_6,204050.02597410665,168.91558441564848,311.7900162338905,351.9074675325828,0.0015280077262693206,True,0
extended_20,local,64,grade_mix_within_region,-96032.61462630055,6802.138790164361,27084.912391884445,31556.813670388263,0.28203868547453537,True,0
extended_20,local,64,holiday_pay,4664.060227274568,135.2720170455059,382.98889826011316,591.8150745740982,0.0821149126721101,False,0
extended_20,local,64,night_shift_pay,26451.080303040762,296.557883522848,1186.231534091381,1186.231534091381,0.04484624145785888,True,0
extended_20,local,64,other_pay,44620.653409108556,464.66574928995396,1589.1568625716461,1765.7298473018382,0.03561482724157612,True,0
extended_20,local,64,overtime,16631.875000006577,299.4247159092065,842.1320134946533,1197.6988636368387,0.05063361848825344,True,0
extended_20,local,64,quarterly_bonus,12437.49393939885,225.4533617424977,863.4863754738387,991.9947916670753,0.06942607406935343,False,0
extended_20,local,64,regional_mix,354574.8187036036,3055.3928613380995,15874.521349737706,17554.519387046865,0.04477058299790755,True,0
extended_20,local,64,sharing_bonus,17375.864015158386,377.20081676151494,1266.766076290738,1445.9364642524688,0.07290377475247474,True,0
extended_20,local,64,sick_leave_pay,3742.823106062086,80.6429332386856,162.09229580971544,177.41445312508495,0.04330749576360733,False,0
extended_20,local,64,underlying_salary_level,53924.99128284962,904.8374242427817,3008.505178899534,3380.383385102359,0.055790554756313206,True,0
extended_20,local,64,vacation_pay,4964.532575759538,161.65749289779296,364.6274562027905,467.01053503803996,0.07344648275311298,False,0
extended_20,local,64,within_cell_workforce_mix,10369.510272731317,7232.098600855122,16596.238164021743,25501.13465152524,1.6004842781886084,False,0
extended_20,local,64,worked_hours,162436.84810107428,5015.801354484356,26793.185230313597,27678.051908470574,0.16494524206503855,True,0
extended_20,local,256,bonus_kpi,-2081.107954546277,124.37871759592974,246.45412560674777,377.74277195800596,0.11842447916666565,False,0
extended_20,local,256,extra_payment_1,39991.70303031884,29.56022727274103,50.99139204550156,52.55151515151374,0.0012750492772674261,True,0
extended_20,local,256,extra_payment_2,68016.67532470221,16.422348484826216,63.050087932888,79.76569264069258,0.0009269798565115919,True,0
extended_20,local,256,extra_payment_3,119975.10909095652,66.51051136366732,197.31451704545617,201.99488636376918,0.0016446287779231477,True,0
extended_20,local,256,extra_payment_4,136033.35064940443,31.671672077922267,73.19675324685377,82.11174242419656,0.0005380794701992017,True,0
extended_20,local,256,extra_payment_5,199958.5151515942,73.90056818183803,292.3178030304073,385.9251893940964,0.0014618922470433075,True,0
extended_20,local,256,extra_payment_6,204050.02597410665,61.583806818161975,135.83628246764422,175.95373376636417,0.000665700883002492,True,0
extended_20,local,256,grade_mix_within_region,-96032.61462630055,2514.41529766249,12478.351046305552,12578.171774243368,0.12993867859230496,True,0
extended_20,local,256,holiday_pay,4664.060227274568,97.22676225144232,161.69233287469572,181.77177290491727,0.03466771975394928,False,0
extended_20,local,256,night_shift_pay,26451.080303040762,185.34867720176953,553.8218474789196,652.4273437502525,0.020937588980638095,True,0
extended_20,local,256,other_pay,44620.653409108556,383.3492431642153,789.9317737929305,789.9317737929305,0.017703276699029224,True,0
extended_20,local,256,overtime,16631.875000006577,126.319802024198,336.85280539786186,514.6362304689537,0.02025344739530141,True,0
extended_20,local,256,quarterly_bonus,12437.49393939885,185.99902343757094,385.52524857966984,428.3613873107988,0.03099702001529608,False,0
extended_20,local,256,regional_mix,354574.8187036036,1966.1721290429414,4144.335395485835,4173.686957429862,0.011688183076954968,True,0
extended_20,local,256,sharing_bonus,17375.864015158386,204.31710907920205,700.1790161135133,864.4185384118573,0.04029606904742636,True,0
extended_20,local,256,sick_leave_pay,3742.823106062086,30.241099964500563,83.46543590201233,98.7875932173879,0.022300128415587428,False,0
extended_20,local,256,underlying_salary_level,53924.99128284962,317.0561833966567,1080.4835431862668,1457.5790834918153,0.020036786608251252,True,0
extended_20,local,256,vacation_pay,4964.532575759538,51.640588009029216,139.87863621574138,152.67652107015147,0.028175590366499095,False,0
extended_20,local,256,within_cell_workforce_mix,10369.510272731317,4545.589440697811,12233.478488333585,12336.249311557716,1.1797547007117533,False,0
extended_20,local,256,worked_hours,162436.84810107428,3180.3546620514535,9564.312205922313,11610.737609221775,0.05888018831768418,True,0
extended_20,local,1024,bonus_kpi,-2081.107954546277,96.73900257461185,163.88047698056198,301.733555649384,0.07874674479166612,False,0
extended_20,local,1024,extra_payment_1,39991.70303031884,9.237571022727934,26.93265151523265,31.61302083341434,0.0006734559789767956,True,0
extended_20,local,1024,extra_payment_2,68016.67532470221,11.143736471960437,26.979572510929575,26.9795725109434,0.000396661147904287,True,0
extended_20,local,1024,extra_payment_3,119975.10909095652,51.73039772730408,102.96812499975933,117.0092329543113,0.0008582457293012026,True,0
extended_20,local,1024,extra_payment_4,136033.35064940443,12.023505140517955,44.63359713224201,68.03544372314354,0.0003281077538645294,True,0
extended_20,local,1024,extra_payment_5,199958.5151515942,31.818300189392176,169.97130681826678,201.17376893945038,0.0008500328515112583,True,0
extended_20,local,1024,extra_payment_6,204050.02597410665,18.035257711366285,47.02363534872275,54.545657467184355,0.00023045150386155752,True,0
extended_20,local,1024,grade_mix_within_region,-96032.61462630055,1227.5167992960633,5049.907188896103,5266.371984475278,0.0525853347693095,True,0
extended_20,local,1024,holiday_pay,4664.060227274568,19.022627397022006,94.69041193189629,106.73807595001108,0.02030214176441465,False,0
extended_20,local,1024,night_shift_pay,26451.080303040762,96.38131214499663,363.2834073155494,574.5808993255741,0.0137341614464717,True,0
extended_20,local,1024,other_pay,44620.653409108556,229.4287137119136,512.2939885921784,534.3656116834463,0.011481095623929212,True,0
extended_20,local,1024,overtime,16631.875000006577,81.87394575642611,179.65482954552394,215.2115145597454,0.010801838610827274,True,0
extended_20,local,1024,quarterly_bonus,12437.49393939885,123.9993489582439,345.9300019235394,386.0888819839238,0.027813481044418463,False,0
extended_20,local,1024,regional_mix,354574.8187036036,928.0590168506023,1965.393871520259,2173.964203017589,0.005542959533071558,True,0
extended_20,local,1024,sharing_bonus,17375.864015158386,108.0523173016536,327.30029204427393,349.6965905394827,0.018836490188847192,True,0
extended_20,local,1024,sick_leave_pay,3742.823106062086,23.688861638806202,53.9299616033054,53.9299616033054,0.014408899398947659,False,0
extended_20,local,1024,underlying_salary_level,53924.99128284962,176.52205716353637,549.0892307302661,655.9937245306064,0.010182463041118731,True,0
extended_20,local,1024,vacation_pay,4964.532575759538,30.3107799183349,95.19830137310421,133.59195593633012,0.019175682689228712,False,0
extended_20,local,1024,within_cell_workforce_mix,10369.510272731317,2206.4580770605094,4886.420375088196,6338.9405632714115,0.47122961900505633,False,0
extended_20,local,1024,worked_hours,162436.84810107428,1425.6069506102067,4986.679619842641,4996.6669294721505,0.030699189735199382,True,0
extended_20,organization,64,bonus_kpi,-2073.00840435688,220.25714296291994,809.4450003887299,844.3190480245178,0.3904687500000021,False,0
extended_20,organization,64,extra_payment_1,39836.057665960914,26.173493867241632,106.65698750904743,143.95421626989264,0.0026773981603150352,True,0
extended_20,organization,64,extra_payment_2,67751.95841066376,32.716867334078415,80.15632496846739,93.47676381163183,0.0011830849889624925,True,0
extended_20,organization,64,extra_payment_3,119508.17299788275,137.41084280310315,394.5654200488418,431.8626488097216,0.0033015768725360066,True,0
extended_20,organization,64,extra_payment_4,135503.91682132753,28.043029143474996,179.47538651831712,214.99655676670955,0.0013245033112582968,True,0
extended_20,organization,64,extra_payment_5,199180.28832980458,261.73493867254,657.6090334147434,719.7710813494923,0.003301576872536042,True,0
extended_20,organization,64,extra_payment_6,203255.87523199132,168.25817486092274,310.57654776410203,350.53786429355387,0.001528007726269253,True,0
extended_20,organization,64,grade_mix_within_region,-95658.8613184601,6775.6652646531875,26979.499500249356,31433.996401066688,0.28203868547453526,True,0
extended_20,organization,64,holiday_pay,4645.90797822153,134.74554628319493,381.4983279143209,589.5117649889876,0.08211491267211017,False,0
extended_20,organization,64,night_shift_pay,26348.134248747792,295.403697620859,1181.6147904834252,1181.6147904834252,0.0448462414578589,True,0
extended_20,organization,64,other_pay,44446.99244117017,462.85729742687545,1582.9719571999199,1758.857730222131,0.035614827241576226,True,0
extended_20,organization,64,overtime,16567.144717268457,298.2593724635881,838.8544850538547,1193.0374898543687,0.05063361848825345,True,0
extended_20,organization,64,quarterly_bonus,12389.087941924083,224.5759104719791,860.1257371077559,988.1340060767961,0.06942607406935351,False,0
extended_20,organization,64,regional_mix,353194.8342901509,3043.501451392425,15812.738643019433,17486.198226428824,0.04477058299790763,True,0
extended_20,organization,64,sharing_bonus,17308.238170777047,375.7327732896865,1261.8358969645162,1440.3089642771283,0.0729037747524748,True,0
extended_20,organization,64,sick_leave_pay,3728.2562578928882,80.3290756688466,161.4614420943386,176.72396647143887,0.043307495763607276,False,0
extended_20,organization,64,underlying_salary_level,53715.11837721582,901.3158500183963,2996.7962530659006,3367.2271310852448,0.05579055475631312,True,0
extended_20,organization,64,vacation_pay,4945.210905936298,161.0283314098665,363.2083475133564,465.1929574062533,0.07344648275311294,False,0
extended_20,organization,64,within_cell_workforce_mix,10329.152746486714,7203.951696959852,16531.64657776067,25401.885730033497,1.6004842781886084,False,0
extended_20,organization,64,worked_hours,161804.6534083732,4996.280149579077,26688.907723693774,27570.330552599713,0.16494524206503847,True,0
extended_20,organization,256,bonus_kpi,-2073.00840435688,123.89464291664149,245.4949405940841,376.272619228316,0.11842447916666564,False,0
extended_20,organization,256,extra_payment_1,39836.057665960914,29.445180600661843,50.7929365361626,52.34698773449054,0.0012750492772673164,True,0
extended_20,organization,256,extra_payment_2,67751.95841066376,16.358433666995552,62.804700685897856,79.45524923983612,0.0009269798565116128,True,0
extended_20,organization,256,extra_payment_3,119508.17299788275,66.25165635148733,196.54658050933722,201.20873410456988,0.0016446287779231577,True,0
extended_20,organization,256,extra_payment_4,135503.91682132753,31.54840778640937,72.9118757731616,81.7921683350869,0.0005380794701993861,True,0
extended_20,organization,256,extra_payment_5,199180.28832980458,73.61295150165097,291.18011927319026,384.4231911752722,0.0014618922470432995,True,0
extended_20,organization,256,extra_payment_6,203255.87523199132,61.344126251337,135.30761561738476,175.26893214686424,0.0006657008830025107,True,0
extended_20,organization,256,grade_mix_within_region,-95658.8613184601,2504.629340688989,12429.786035365265,12529.218266880227,0.129938678592305,True,0
extended_20,organization,256,holiday_pay,4645.90797822153,96.84836139103072,161.06303579162042,181.06432781806234,0.03466771975394913,False,0
extended_20,organization,256,night_shift_pay,26348.134248747792,184.62731101302597,551.666405306957,649.8881347658753,0.020937588980638175,True,0
extended_20,organization,256,other_pay,44446.99244117017,381.8572703771715,786.8574056256912,786.8574056256912,0.017703276699029116,True,0
extended_20,organization,256,overtime,16567.144717268457,125.82817275807793,335.541794021542,512.6332964217981,0.02025344739530139,True,0
extended_20,organization,256,quarterly_bonus,12389.087941924083,185.27512613939234,384.02480690708427,426.69422989681334,0.030997020015296094,False,0
extended_20,organization,256,regional_mix,353194.8342901509,1958.5199023502064,4128.205885018018,4157.443212403217,0.011688183076954862,True,0
extended_20,organization,256,sharing_bonus,17308.238170777047,203.52191886529363,697.4539604189334,861.0542721222482,0.04029606904742642,True,0
extended_20,organization,256,sick_leave_pay,3728.2562578928882,30.123403375810994,83.14059331722859,98.40311769433492,0.02230012841558736,False,0
extended_20,organization,256,underlying_salary_level,53715.11837721582,315.82221931292224,1076.2783645612242,1451.9062711247389,0.02003678660825117,True,0
extended_20,organization,256,vacation_pay,4945.210905936298,51.439605867052705,139.334236761605,152.0823129982209,0.028175590366499092,False,0
extended_20,organization,256,within_cell_workforce_mix,10329.152746486714,4527.898273002787,12185.866507037415,12288.237352240758,1.179754700711753,False,0
extended_20,organization,256,worked_hours,161804.6534083732,3167.9769081011764,9527.088463362623,11565.549298929487,0.05888018831768411,True,0
extended_20,organization,1024,bonus_kpi,-2073.00840435688,96.36250004627664,163.2426637688701,300.5592263348144,0.07874674479166606,False,0
extended_20,organization,1024,extra_payment_1,39836.057665960914,9.201618937702733,26.82783121401408,31.489984809115413,0.0006734559789770037,True,0
extended_20,organization,1024,extra_payment_2,67751.95841066376,11.100365702717681,26.874569595937647,26.87456959595147,0.0003966611479042906,True,0
extended_20,organization,1024,extra_payment_3,119508.17299788275,51.52906605116732,102.56737909202421,116.55383987733512,0.0008582457293012197,True,0
extended_20,organization,1024,extra_payment_4,135503.91682132753,11.97671036318934,44.459885788097765,67.77065376361134,0.0003281077538645734,True,0
extended_20,organization,1024,extra_payment_5,199180.28832980458,31.69446522985527,169.30978845382634,200.39081242115935,0.0008500328515112983,True,0
extended_20,organization,1024,extra_payment_6,203255.87523199132,17.96506554535881,46.84062211591664,54.33336896513356,0.00023045150386159262,True,0
extended_20,organization,1024,grade_mix_within_region,-95658.8613184601,1222.7393758555845,5030.2532460821785,5245.8755733635335,0.05258533476930954,True,0
extended_20,organization,1024,holiday_pay,4645.90797822153,18.94859244607187,94.32188239827843,106.32265761412509,0.02030214176441462,False,0
extended_20,organization,1024,night_shift_pay,26348.134248747792,96.00620172685012,361.8695295856148,572.3446641404698,0.013734161446471788,True,0
extended_20,organization,1024,other_pay,44446.99244117017,228.53579060452103,510.30017041313187,532.2858920409126,0.011481095623929172,True,0
extended_20,organization,1024,overtime,16567.144717268457,81.55529715801458,178.9556234781546,214.37392395820825,0.01080183861082734,True,0
extended_20,organization,1024,quarterly_bonus,12389.087941924083,123.51675075945968,344.5836626303389,384.58624668316224,0.02781348104441847,False,0
extended_20,organization,1024,regional_mix,353194.8342901509,924.4470655487676,1957.7446737602122,2165.5032617512625,0.005542959533071532,True,0
extended_20,organization,1024,sharing_bonus,17308.238170777047,107.63178401545338,326.0264584900753,348.33559190414235,0.018836490188847366,True,0
extended_20,organization,1024,sick_leave_pay,3728.2562578928882,23.596665977666134,53.72006935347554,53.72006935347554,0.014408899398947619,False,0
extended_20,organization,1024,underlying_salary_level,53715.11837721582,175.83504366267516,546.9522076253132,653.4406354012463,0.01018246304111865,True,0
extended_20,organization,1024,vacation_pay,4945.210905936298,30.19281213934846,94.82779516354775,133.07202387339112,0.01917568268922872,False,0
extended_20,organization,1024,within_cell_workforce_mix,10329.152746486714,2197.870671540814,4867.4027133719665,6314.269778112157,0.4712296190050564,False,0
extended_20,organization,1024,worked_hours,161804.6534083732,1420.0585719104856,4967.271755021818,4977.220194627589,0.03069918973519934,True,0
extended_20,permanent_unit,64,bonus_kpi,-229.68749999999994,24.404296875000156,89.68579101562547,93.54980468749963,0.39046875000000214,False,0
extended_20,permanent_unit,64,extra_payment_1,4413.799999999999,2.8999999999991815,11.817499999998612,15.949999999999818,0.0026773981603150604,True,0
extended_20,permanent_unit,64,extra_payment_2,7506.857142857141,3.6250000000009095,8.881249999999273,10.357142857143117,0.001183084988962376,True,0
extended_20,permanent_unit,64,extra_payment_3,13241.4,15.225000000002183,43.71749999999838,47.85000000000218,0.003301576872536015,True,0
extended_20,permanent_unit,64,extra_payment_4,15013.714285714283,3.1071428571422075,19.885714285715043,23.821428571423894,0.0013245033112583289,True,0
extended_20,permanent_unit,64,extra_payment_5,22069.0,29.0,72.86250000000001,79.75,0.0033015768725361367,True,0
extended_20,permanent_unit,64,extra_payment_6,22520.571428571428,18.642857142856883,34.411607142857974,38.839285714282596,0.0015280077262693527,True,0
extended_20,permanent_unit,64,grade_mix_within_region,-10598.917333333327,750.737726004465,2989.3047121465997,3482.8590338541835,0.2820386854745354,True,0
extended_20,permanent_unit,64,holiday_pay,514.7624999999996,14.929687499999744,42.26967773437707,65.3173828125,0.08211491267211014,False,0
extended_20,permanent_unit,64,night_shift_pay,2919.35,32.730468750000455,130.92187500000045,130.92187500000045,0.044846241457858926,True,0
extended_20,permanent_unit,64,other_pay,4924.6875,51.2841796875,175.39189453125002,194.8798828125,0.03561482724157625,True,0
extended_20,permanent_unit,64,overtime,1835.625,33.046874999999545,92.94433593750045,132.1875,0.05063361848825357,True,0
extended_20,permanent_unit,64,quarterly_bonus,1372.6999999999991,24.882812499998295,95.3011718750014,109.48437500000182,0.06942607406935344,False,0
extended_20,permanent_unit,64,regional_mix,39133.67564285716,337.2172723214644,1752.03747338173,1937.455316964275,0.04477058299790756,True,0
extended_20,permanent_unit,64,sharing_bonus,1917.7375,41.63085937500023,139.81030273437395,159.58496093750023,0.0729037747524747,True,0
extended_20,permanent_unit,64,sick_leave_pay,413.0875,8.900390625001933,17.88978515624911,19.580859375001637,0.043307495763607255,False,0
extended_20,permanent_unit,64,underlying_salary_level,5951.587666666668,99.86500000000024,332.04237760416436,373.0857916666673,0.05579055475631308,True,0
extended_20,permanent_unit,64,vacation_pay,547.925,17.84179687500017,40.243164062499396,51.54296874999744,0.07344648275311291,False,0
extended_20,permanent_unit,64,within_cell_workforce_mix,1144.4609999999939,798.1914843749987,1831.6918375000032,2814.5065000000004,1.6004842781886084,False,0
extended_20,permanent_unit,64,worked_hours,17927.81266666666,553.5834270833384,2957.1073999999953,3054.7682708333377,0.1649452420650385,True,0
extended_20,permanent_unit,256,bonus_kpi,-229.68749999999994,13.727416992187486,27.200622558593498,41.69067382812463,0.1184244791666656,False,0
extended_20,permanent_unit,256,extra_payment_1,4413.799999999999,3.262500000000273,5.6278125000029835,5.799999999997453,0.0012750492772674303,True,0
extended_20,permanent_unit,256,extra_payment_2,7506.857142857141,1.8124999999954525,6.95870535713807,8.803571428567011,0.0009269798565115038,True,0
extended_20,permanent_unit,256,extra_payment_3,13241.4,7.340625000000728,21.77718749999167,22.293750000006185,0.0016446287779231553,True,0
extended_20,permanent_unit,256,extra_payment_4,15013.714285714283,3.495535714284415,8.078571428581837,9.062499999990905,0.0005380794701993688,True,0
extended_20,permanent_unit,256,extra_payment_5,22069.0,8.15625,32.26250000000001,42.59375,0.0014618922470433643,True,0
extended_20,permanent_unit,256,extra_payment_6,22520.571428571428,6.796874999996362,14.991964285720499,19.419642857148574,0.0006657008830024835,True,0
extended_20,permanent_unit,256,grade_mix_within_region,-10598.917333333327,277.5107184710014,1377.2093128024103,1388.2263162202908,0.12993867859230507,True,0
extended_20,permanent_unit,256,holiday_pay,514.7624999999996,10.730712890623124,17.845642089842276,20.06176757812682,0.03466771975394923,False,0
extended_20,permanent_unit,256,night_shift_pay,2919.35,20.45654296874909,61.12415039062592,72.00703124999927,0.02093758898063813,True,0
extended_20,permanent_unit,256,other_pay,4924.6875,42.3094482421875,87.18310546875,87.18310546875,0.017703276699029127,True,0
extended_20,permanent_unit,256,overtime,1835.625,13.941650390625,37.177734375000014,56.79931640625,0.020253447395301338,True,0
extended_20,permanent_unit,256,quarterly_bonus,1372.6999999999991,20.52832031249966,42.54960937499689,47.2773437500025,0.03099702001529607,False,0
extended_20,permanent_unit,256,regional_mix,39133.67564285716,217.00227511167395,457.40156538788506,460.64103543521924,0.011688183076954895,True,0
extended_20,permanent_unit,256,sharing_bonus,1917.7375,22.550048828130457,77.2772827148389,95.40405273438137,0.04029606904742641,True,0
extended_20,permanent_unit,256,sick_leave_pay,413.0875,3.337646484375,9.211904296873952,10.902978515627126,0.02230012841558738,False,0
extended_20,permanent_unit,256,underlying_salary_level,5951.587666666668,34.99282291667396,119.25069205729945,160.86993229167456,0.02003678660825116,True,0
extended_20,permanent_unit,256,vacation_pay,547.925,5.699462890626364,15.43811035156399,16.850585937501705,0.02817559036649905,False,0
extended_20,permanent_unit,256,within_cell_workforce_mix,1144.4609999999939,501.687128906249,1350.1832445312664,1361.5258437499788,1.179754700711753,False,0
extended_20,permanent_unit,256,worked_hours,17927.81266666666,351.0090429687516,1055.5929859374971,1281.4526458333348,0.0588801883176842,True,0
extended_20,permanent_unit,1024,bonus_kpi,-229.68749999999994,10.676879882812472,18.087142944335778,33.30169677734358,0.07874674479166599,False,0
extended_20,permanent_unit,1024,extra_payment_1,4413.799999999999,1.0195312499995453,2.9725000000081767,3.4890625000080036,0.0006734559789768856,True,0
extended_20,permanent_unit,1024,extra_payment_2,7506.857142857141,1.2299107142948742,2.977678571438537,2.977678571440265,0.0003966611479041974,True,0
extended_20,permanent_unit,1024,extra_payment_3,13241.4,5.709375000001273,11.364374999968733,12.914062499969077,0.0008582457293011866,True,0
extended_20,permanent_unit,1024,extra_payment_4,15013.714285714283,1.327008928552459,4.926116071449271,7.508928571447541,0.0003281077538645134,True,0
extended_20,permanent_unit,1024,extra_payment_5,22069.0,3.51171875,18.759375000000002,22.203125,0.0008500328515111696,True,0
extended_20,permanent_unit,1024,extra_payment_6,22520.571428571428,1.9905133928932628,5.189899553536817,6.020089285673748,0.00023045150386159774,True,0
extended_20,permanent_unit,1024,grade_mix_within_region,-10598.917333333327,135.478442731619,557.3476161655705,581.2383795572423,0.05258533476930952,True,0
extended_20,permanent_unit,1024,holiday_pay,514.7624999999996,2.099487304687216,10.450781250004432,11.780456542973127,0.02030214176441454,False,0
extended_20,permanent_unit,1024,night_shift_pay,2919.35,10.637402343757913,40.09482421875727,63.41528320313182,0.01373416144647174,True,0
extended_20,permanent_unit,1024,other_pay,4924.6875,25.321563720703125,56.54080810546875,58.976806640625,0.011481095623929183,True,0
extended_20,permanent_unit,1024,overtime,1835.625,9.0362548828125,19.828125000000004,23.75244140625,0.010801838610827378,True,0
extended_20,permanent_unit,1024,quarterly_bonus,1372.6999999999991,13.685546874984766,38.179565429673175,42.611816406235675,0.02781348104441845,False,0
extended_20,permanent_unit,1024,regional_mix,39133.67564285716,102.42791824768574,216.91638046870213,239.93584849348554,0.005542959533071477,True,0
extended_20,permanent_unit,1024,sharing_bonus,1917.7375,11.925506591816543,36.12344360353446,38.59527587892444,0.018836490188847255,True,0
extended_20,permanent_unit,1024,sick_leave_pay,413.0875,2.6144897460879406,5.95213623046277,5.95213623046277,0.014408899398947609,False,0
extended_20,permanent_unit,1024,underlying_salary_level,5951.587666666668,19.48236751302511,60.601821451811254,72.40064518227882,0.010182463041118703,True,0
extended_20,permanent_unit,1024,vacation_pay,547.925,3.3453369140623863,10.506835937495683,14.74426269530818,0.01917568268922879,False,0
extended_20,permanent_unit,1024,within_cell_workforce_mix,1144.4609999999939,243.52212890624753,539.3039209961429,699.6155136718187,0.47122961900505633,False,0
extended_20,permanent_unit,1024,worked_hours,17927.81266666666,157.34123535156687,550.3693225911105,551.4716009114236,0.03069918973519938,True,0
quintic,controlled,64,0,120.0,11.25,32.062500000000014,53.4375,0.26718750000000013,True,0
quintic,controlled,64,1,120.0,16.40625,39.375,39.375,0.328125,True,0
quintic,controlled,64,2,120.0,9.84375,27.375000000000014,48.75,0.22812500000000013,True,0
quintic,controlled,64,3,120.0,9.375,26.671875000000007,34.6875,0.22226562500000005,True,0
quintic,controlled,64,4,120.0,9.375,27.187500000000014,45.0,0.2265625000000001,True,0
quintic,controlled,256,0,120.0,4.21875,15.105468750000005,21.5625,0.12587890625000003,True,0
quintic,controlled,256,1,120.0,5.859375,19.23046875,19.453125,0.16025390625,True,0
quintic,controlled,256,2,120.0,7.03125,18.574218750000004,24.140625,0.15478515625000003,True,0
quintic,controlled,256,3,120.0,6.5625,14.988281250000004,19.21875,0.12490234375000003,True,0
quintic,controlled,256,4,120.0,9.375,20.566406250000004,23.90625,0.17138671875000003,True,0
quintic,controlled,1024,0,120.0,2.51953125,5.915039062500003,9.19921875,0.04929199218750002,True,0
quintic,controlled,1024,1,120.0,2.2265625,10.1806640625,11.015625,0.0848388671875,True,0
quintic,controlled,1024,2,120.0,3.955078125,8.6279296875,8.90625,0.0718994140625,True,0
quintic,controlled,1024,3,120.0,2.9296875,8.994140625000002,10.6640625,0.07495117187500001,True,0
quintic,controlled,1024,4,120.0,3.251953125,6.427734375000002,8.3203125,0.05356445312500001,True,0
stress_14,local,64,bonus_kpi,-2081.107954546277,221.11772017054193,630.1855024860445,700.2061138733839,0.30281249999999993,False,0
stress_14,local,64,grade_mix_within_region,-114559.74189903514,8906.589655227654,15421.362091665025,23169.213855043956,0.13461414835637744,True,0
stress_14,local,64,holiday_pay,4664.060227274568,177.54452237222677,339.87094282683466,371.9980468751546,0.07287018740438465,False,0
stress_14,local,64,night_shift_pay,26451.080303040762,355.86946022740995,854.0867045457936,1304.8546875005195,0.03228929384965837,True,0
stress_14,local,64,other_pay,44620.653409108556,743.4651988639307,1324.2973854763752,1765.7298473018382,0.02967902270131352,True,0
stress_14,local,64,overtime,16631.875000006577,299.4247159092083,662.4771839491272,1160.27077414819,0.03983177987742604,True,0
stress_14,local,64,quarterly_bonus,12437.49393939885,495.99739583351493,1055.12173295495,1397.8108428036085,0.08483394951555233,True,0
stress_14,local,64,regional_mix,352376.19792438194,7765.7705983696505,11939.993102336937,12229.608101804391,0.033884221388015535,True,0
stress_14,local,64,sharing_bonus,17375.864015158386,660.1014293326425,1207.0426136368285,1445.9364642524688,0.06946662408176231,True,0
stress_14,local,64,sick_leave_pay,3742.823106062086,48.385759943203084,155.64086115065933,201.60733309669877,0.041583814340190074,False,0
stress_14,local,64,underlying_salary_level,53924.99128284962,1376.245892519477,2590.349563874146,4235.661936870361,0.04803616101275077,True,0
stress_14,local,64,vacation_pay,4964.532575759538,125.73360558717832,295.4739731298593,449.04859138275515,0.05951697740338704,False,0
stress_14,local,64,within_cell_workforce_mix,10369.510272731317,11327.639775099182,20151.176012508007,25206.39879925241,1.943310289734658,True,5
stress_14,local,64,worked_hours,162436.84810107428,5410.436759314049,23902.617345258877,25066.381761689292,0.14715021637446313,True,0
stress_14,local,256,bonus_kpi,-2081.107954546277,198.0846243194435,408.1464584814584,460.66191702196215,0.19611979166666652,False,0
stress_14,local,256,grade_mix_within_region,-114559.74189903514,3843.562307223954,12352.642103944934,16596.91212682193,0.107827076939748,True,0
stress_14,local,256,holiday_pay,4664.060227274568,69.74963378909206,145.20605579730574,173.3172718395399,0.031132971857474608,False,0
stress_14,local,256,night_shift_pay,26451.080303040762,133.45104758528032,419.629405184844,504.1484019888594,0.015864357915718257,True,0
stress_14,local,256,other_pay,44620.653409108556,453.04910555770766,1122.1677845352406,1696.0299849083458,0.02514906660479716,True,0
stress_14,local,256,overtime,16631.875000006577,210.53300337366272,376.1522993609422,411.7089843751637,0.022616349591419695,True,0
stress_14,local,256,quarterly_bonus,12437.49393939885,247.99869791673427,497.1246626422674,518.5427320077524,0.03996984159867621,True,0
stress_14,local,256,regional_mix,352376.19792438194,3132.672957209754,6763.553424779866,8969.240324815037,0.019194126801468266,True,0
stress_14,local,256,sharing_bonus,17375.864015158386,298.617313269584,693.8923358341528,738.6849328245808,0.03993426371366707,True,0
stress_14,local,256,sick_leave_pay,3742.823106062086,24.19287997160359,86.69115323158815,86.6911532315903,0.02316196912730882,False,0
stress_14,local,256,underlying_salary_level,53924.99128284962,791.329006550277,1907.7711870668074,1991.983538984452,0.035378238209814186,True,0
stress_14,local,256,vacation_pay,4964.532575759538,65.1120457505067,141.4503062855781,184.10992246691967,0.02849217003353779,False,0
stress_14,local,256,within_cell_workforce_mix,10369.510272731317,4027.51566583965,8355.361134887518,8895.135822210126,0.8057623663153696,True,0
stress_14,local,256,worked_hours,162436.84810107428,3714.4553512878047,7694.2581841492465,10106.0020587951,0.04736768949962382,True,0
stress_14,local,1024,bonus_kpi,-2081.107954546277,102.49727653738705,208.33435197318306,315.5534131600439,0.10010742187500027,False,0
stress_14,local,1024,grade_mix_within_region,-114559.74189903514,2341.8089651777045,5255.932753745654,6294.4029256000795,0.04587940463743241,True,0
stress_14,local,1024,holiday_pay,4664.060227274568,30.647566361915324,59.2871887207632,61.29513272370241,0.012711497243123619,False,0
stress_14,local,1024,night_shift_pay,26451.080303040762,77.84644442474746,220.19422851577332,248.36722745031147,0.00832458357061735,True,0
stress_14,local,1024,other_pay,44620.653409108556,252.66200117641347,412.97168468144736,424.00749622708827,0.009255168921330634,True,0
stress_14,local,1024,overtime,16631.875000006577,28.071067116488848,178.48520174900352,191.81895862933743,0.010731514140704695,True,0
stress_14,local,1024,quarterly_bonus,12437.49393939885,76.09050958809985,198.68077503572587,225.45336174238037,0.01597434145526336,True,0
stress_14,local,1024,regional_mix,352376.19792438194,1013.7548325529206,1954.5610301638844,2964.9509502747096,0.005546802087305916,True,0
stress_14,local,1024,sharing_bonus,17375.864015158386,133.5919559361846,279.95373119033906,298.61731326934387,0.01611164376897244,True,0
stress_14,local,1024,sick_leave_pay,3742.823106062086,15.876577481364166,35.835703457883575,36.79333829020379,0.009574511656680239,False,0
stress_14,local,1024,underlying_salary_level,53924.99128284962,123.07882146665725,734.7636340654348,935.4709499095043,0.013625660692487121,True,0
stress_14,local,1024,vacation_pay,4964.532575759538,26.381604743767184,76.78730912647332,106.64904045336334,0.01546717801820958,False,0
stress_14,local,1024,within_cell_workforce_mix,10369.510272731317,1087.640495857987,4019.079892091922,4670.334201470212,0.3875862780772675,True,0
stress_14,local,1024,worked_hours,162436.84810107428,2106.9878798439167,6874.546551868706,7604.862369222217,0.042321349079558014,True,0
stress_14,organization,64,bonus_kpi,-2073.00840435688,220.25714296291846,627.7328574443176,697.4809527159096,0.30281249999999993,False,0
stress_14,organization,64,grade_mix_within_region,-114113.88209768817,8871.925730287432,15361.343054220351,23079.04063262274,0.13461414835637736,True,0
stress_14,organization,64,holiday_pay,4645.90797822153,176.85352949669414,338.5481850365289,370.55025227880105,0.0728701874043847,False,0
stress_14,organization,64,night_shift_pay,26348.134248747792,354.48443714502173,850.7626491480669,1299.7762695317688,0.03228929384965844,True,0
stress_14,organization,64,other_pay,44446.99244117017,740.5716758830022,1319.1432976665997,1758.857730222131,0.029679022701313514,True,0
stress_14,organization,64,overtime,16567.144717268457,298.2593724635899,659.8988615756977,1155.755068296421,0.03983177987742597,True,0
stress_14,organization,64,quarterly_bonus,12389.087941924083,494.06700303837533,1051.015261008926,1392.3706449263955,0.08483394951555234,True,0
stress_14,organization,64,regional_mix,351004.77041414514,7735.546674337529,11893.52334896251,12182.011183825787,0.033884221388015674,True,0
stress_14,organization,64,sharing_bonus,17308.238170777047,657.5323532569437,1202.344874526976,1440.3089642771283,0.06946662408176216,True,0
stress_14,organization,64,sick_leave_pay,3728.2562578928882,48.197445401299774,155.03511604086975,200.82268917210104,0.041583814340190095,False,0
stress_14,organization,64,underlying_salary_level,53715.11837721582,1370.8896241648908,2580.2680751868984,4219.176988855994,0.04803616101275061,True,0
stress_14,organization,64,vacation_pay,4945.210905936298,125.24425776323551,294.3240057435937,447.3009205829603,0.059516977403387024,False,0
stress_14,organization,64,within_cell_workforce_mix,10329.152746486714,11283.553264985472,20072.74881648863,25108.296972423817,1.9433102897346577,True,5
stress_14,organization,64,worked_hours,161804.6534083732,5389.379656541991,23809.589759437153,24968.82487296476,0.14715021637446324,True,0
stress_14,organization,256,bonus_kpi,-2073.00840435688,197.31369057094741,406.5579763857201,458.86904783941327,0.19611979166666652,False,0
stress_14,organization,256,grade_mix_within_region,-114113.88209768817,3828.6033879879687,12304.56634484074,16532.317917537148,0.10782707693974787,True,0
stress_14,organization,256,holiday_pay,4645.90797822153,69.47817230227565,144.64092233838826,172.64273117532866,0.03113297185747474,False,0
stress_14,organization,256,night_shift_pay,26348.134248747792,132.93166392938474,417.9962321335303,502.1862859554785,0.015864357915718292,True,0
stress_14,organization,256,other_pay,44446.99244117017,451.285864991205,1117.800373285913,1689.4291356081012,0.025149066604797356,True,0
stress_14,organization,256,overtime,16567.144717268457,209.71362126346412,374.68833665738805,410.10663713744,0.022616349591419855,True,0
stress_14,organization,256,quarterly_bonus,12389.087941924083,247.03350151916584,495.18988259077605,516.5245940855602,0.039969841598676295,True,0
stress_14,organization,256,regional_mix,351004.77041414514,3120.480777660181,6737.230071249321,8934.332567140635,0.019194126801468158,True,0
stress_14,organization,256,sharing_bonus,17308.238170777047,297.45511218771935,691.1917475307703,735.8100143589181,0.03993426371366713,True,0
stress_14,organization,256,sick_leave_pay,3728.2562578928882,24.098722700651933,86.35375634401143,86.35375634401316,0.02316196912730894,False,0
stress_14,organization,256,underlying_salary_level,53715.11837721582,788.2492004350352,1900.346253417503,1984.23085579701,0.035378238209814075,True,0
stress_14,organization,256,vacation_pay,4945.210905936298,64.85863348453631,140.89978998364245,183.39337743900342,0.02849217003353778,False,0
stress_14,organization,256,within_cell_workforce_mix,10329.152746486714,4011.8408109130755,8322.84255904203,8860.516474916723,0.8057623663153692,True,0
stress_14,organization,256,worked_hours,161804.6534083732,3699.998908757625,7664.312582242073,10066.670091075444,0.04736768949962383,True,0
stress_14,organization,1024,bonus_kpi,-2073.00840435688,102.09836314427002,207.5235268853751,314.32529776999786,0.10010742187500016,False,0
stress_14,organization,1024,grade_mix_within_region,-114113.88209768817,2332.6947819341003,5235.476971508089,6269.905478316374,0.04587940463743241,True,0
stress_14,organization,1024,holiday_pay,4645.90797822153,30.528287829828514,59.05644645696884,61.05657565953061,0.012711497243123582,False,0
stress_14,organization,1024,night_shift_pay,26348.134248747792,77.54347062547458,219.33724548354732,247.40059675739758,0.008324583570617392,True,0
stress_14,organization,1024,other_pay,44446.99244117017,251.67865547586553,411.3644230881368,422.3572839020271,0.009255168921330657,True,0
stress_14,organization,1024,overtime,16567.144717268457,27.961816168462974,177.7905478044686,191.0724104844885,0.01073151414070476,True,0
stress_14,organization,1024,quarterly_bonus,12389.087941924083,75.7943697842993,197.90752110358247,224.5759104718618,0.015974341455263455,True,0
stress_14,organization,1024,regional_mix,351004.77041414514,1009.80935815876,1946.9539931874642,2953.411534946237,0.005546802087305774,True,0
stress_14,organization,1024,sharing_bonus,17308.238170777047,133.0720238732447,278.86416767609427,297.45511218747924,0.016111643768972634,True,0
stress_14,organization,1024,sick_leave_pay,3728.2562578928882,15.814786772302114,35.6962330002865,36.65014077396427,0.009574511656680237,False,0
stress_14,organization,1024,underlying_salary_level,53715.11837721582,122.59980590692066,731.9039770647175,931.8301517985892,0.013625660692487036,True,0
stress_14,organization,1024,vacation_pay,4945.210905936298,26.278929084279298,76.48845741970847,106.23396863841208,0.015467178018209635,False,0
stress_14,organization,1024,within_cell_workforce_mix,10329.152746486714,1083.4074627926075,4003.4378687023714,4652.157534477312,0.38758627807726753,True,0
stress_14,organization,1024,worked_hours,161804.6534083732,2098.787606502039,6847.7912195926665,7575.264690587443,0.04232134907955806,True,0
stress_14,permanent_unit,64,bonus_kpi,-229.68749999999994,24.404296875,69.55224609374996,77.28027343750011,0.3028124999999999,False,0
stress_14,permanent_unit,64,grade_mix_within_region,-12643.717333333327,983.0015338541689,1702.0232408854336,2557.1373151041735,0.13461414835637747,True,0
stress_14,permanent_unit,64,holiday_pay,514.7624999999996,19.595214843749744,37.51083984374951,41.05664062500091,0.07287018740438463,False,0
stress_14,permanent_unit,64,night_shift_pay,2919.35,39.2765624999995,94.26375000000031,144.01406250000036,0.032289293849658424,True,0
stress_14,permanent_unit,64,other_pay,4924.6875,82.0546875,146.15991210937503,194.8798828125,0.02967902270131354,True,0
stress_14,permanent_unit,64,overtime,1835.625,33.04687499999977,73.11621093750006,128.05664062500045,0.039831779877425984,True,0
stress_14,permanent_unit,64,quarterly_bonus,1372.6999999999991,54.74218749999841,116.45156249999866,154.27343750000273,0.08483394951555236,True,0
stress_14,permanent_unit,64,regional_mix,38891.01850000002,857.0917382812622,1317.7918808594118,1349.7560781250359,0.03388422138801562,True,0
stress_14,permanent_unit,64,sharing_bonus,1917.7375,72.85400390624955,133.21874999999852,159.58496093750023,0.06946662408176225,True,0
stress_14,permanent_unit,64,sick_leave_pay,413.0875,5.34023437500025,17.17775390625327,22.250976562503126,0.04158381434019008,False,0
stress_14,permanent_unit,64,underlying_salary_level,5951.587666666668,151.89335937499936,285.891423437501,467.481083333334,0.04803616101275065,True,0
stress_14,permanent_unit,64,vacation_pay,547.925,13.876953125000796,32.61083984375078,49.56054687500023,0.059516977403386934,False,0
stress_14,permanent_unit,64,within_cell_workforce_mix,1144.4609999999939,1250.2077343750007,2224.042837500004,2781.9771250000017,1.943310289734658,True,5
stress_14,permanent_unit,64,worked_hours,17927.81266666666,597.1385052083369,2638.0815130208402,2766.523739583343,0.14715021637446316,True,0
stress_14,permanent_unit,256,bonus_kpi,-229.68749999999994,21.862182617187443,45.04626464843745,50.84228515624994,0.1961197916666665,False,0
stress_14,permanent_unit,256,grade_mix_within_region,-12643.717333333327,424.2058733723752,1363.3350817057578,1831.7662213542062,0.107827076939748,True,0
stress_14,permanent_unit,256,holiday_pay,514.7624999999996,7.698120117187727,16.026086425783312,19.12866210937301,0.03113297185747471,False,0
stress_14,permanent_unit,256,night_shift_pay,2919.35,14.728710937499955,46.3136132812522,55.641796875002456,0.015864357915718295,True,0
stress_14,permanent_unit,256,other_pay,4924.6875,50.0020751953125,123.85129394531255,187.187255859375,0.02514906660479727,True,0
stress_14,permanent_unit,256,overtime,1835.625,23.236083984375,41.51513671875,45.439453125,0.022616349591419817,True,0
stress_14,permanent_unit,256,quarterly_bonus,1372.6999999999991,27.371093749996703,54.866601562502865,57.23046874999682,0.03996984159867626,True,0
stress_14,permanent_unit,256,regional_mix,38891.01850000002,345.74651367184197,746.479140527246,989.9161562500958,0.019194126801468203,True,0
stress_14,permanent_unit,256,sharing_bonus,1917.7375,32.95776367188091,76.58343505858852,81.52709960936977,0.039934263713667026,True,0
stress_14,permanent_unit,256,sick_leave_pay,413.0875,2.6701171875003524,9.567919921877216,9.567919921877433,0.023161969127308904,False,0
stress_14,permanent_unit,256,underlying_salary_level,5951.587666666668,87.33731510417601,210.55668619792488,219.85102604167514,0.03537823820981407,True,0
stress_14,permanent_unit,256,vacation_pay,547.925,7.186279296875796,15.61157226562614,20.319824218748977,0.028492170033537694,False,0
stress_14,permanent_unit,256,within_cell_workforce_mix,1144.4609999999939,444.50841796874874,922.163603515649,981.7373984375186,0.8057623663153693,True,0
stress_14,permanent_unit,256,worked_hours,17927.81266666666,409.95661067708716,849.1990638020885,1115.378153645841,0.04736768949962378,True,0
stress_14,permanent_unit,1024,bonus_kpi,-229.68749999999994,11.312408447265682,22.993423461914123,34.82696533203119,0.1001074218750003,False,0
stress_14,permanent_unit,1024,grade_mix_within_region,-12643.717333333327,258.4605212402457,580.0862236573167,694.699988443881,0.04587940463743234,True,0
stress_14,permanent_unit,1024,holiday_pay,514.7624999999996,3.3825073242233827,6.543402099613402,6.765014648432725,0.012711497243123591,False,0
stress_14,permanent_unit,1024,night_shift_pay,2919.35,8.591748046874955,24.302373046881783,27.41176757811718,0.008324583570617359,True,0
stress_14,permanent_unit,1024,other_pay,4924.6875,27.885772705078125,45.57881469726563,46.79681396484375,0.009255168921330667,True,0
stress_14,permanent_unit,1024,overtime,1835.625,3.09814453125,19.69903564453125,21.170654296875,0.010731514140704803,True,0
stress_14,permanent_unit,1024,quarterly_bonus,1372.6999999999991,8.397949218750114,21.92797851564003,24.88281249998522,0.015974341455263382,True,0
stress_14,permanent_unit,1024,regional_mix,38891.01850000002,111.885984863653,215.72078259324925,327.23538916062535,0.005546802087305817,True,0
stress_14,permanent_unit,1024,sharing_bonus,1917.7375,14.74426269529215,30.897903442399922,32.95776367185431,0.016111643768972513,True,0
stress_14,permanent_unit,1024,sick_leave_pay,413.0875,1.7522644042970228,3.9551110839789034,4.060803222663026,0.009574511656680253,False,0
stress_14,permanent_unit,1024,underlying_salary_level,5951.587666666668,13.583950195311445,81.09431412759042,103.24595768227846,0.013625660692486996,True,0
stress_14,permanent_unit,1024,vacation_pay,547.925,2.9116821289096038,8.474853515627482,11.770629882808066,0.015467178018209574,False,0
stress_14,permanent_unit,1024,within_cell_workforce_mix,1144.4609999999939,120.04058984381072,443.57737939458525,515.4549453125621,0.3875862780772675,True,0
stress_14,permanent_unit,1024,worked_hours,17927.81266666666,232.54381282549002,758.729218098923,839.3326360676729,0.042321349079558084,True,0
zero_net_cubic,controlled,64,0,-400.0,9.375,25.078125,26.5625,0.0626953125,True,0
zero_net_cubic,controlled,64,1,200.0,8.59375,31.406250000000004,34.375,0.15703125,True,0
zero_net_cubic,controlled,64,2,200.0,9.375,22.265625000000007,29.6875,0.11132812500000003,True,0
zero_net_cubic,controlled,256,0,-400.0,5.078125,13.125000000000009,25.0,0.03281250000000002,True,0
zero_net_cubic,controlled,256,1,200.0,6.25,9.511718750000007,19.53125,0.04755859375000004,True,0
zero_net_cubic,controlled,256,2,200.0,5.2734375,13.476562500000004,17.1875,0.06738281250000001,True,0
zero_net_cubic,controlled,1024,0,-400.0,2.9296875,6.909179687500001,8.30078125,0.017272949218750003,True,0
zero_net_cubic,controlled,1024,1,200.0,2.63671875,7.851562500000001,8.59375,0.0392578125,True,0
zero_net_cubic,controlled,1024,2,200.0,3.41796875,7.12890625,7.12890625,0.03564453125,True,0
