case,view,cycles,normalized_l1_median,normalized_l1_p95,max_absolute_error_p95,max_material_relative_error_p95,material_sign_errors,top_three_match_rate,top_three_has_tie,unique_coalitions_median,model_evaluations,warm_real_seconds,exact_seconds
cubic,controlled,64,0.05989583333333333,0.10468750000000002,31.406250000000004,0.15703125,0,1.0,False,8.0,450,0.008735313499755648,0.0007965109998622211
cubic,controlled,256,0.027994791666666668,0.06601562500000002,19.804687500000004,0.09902343750000002,0,1.0,False,8.0,1794,0.03415225499998087,0.0007965109998622211
cubic,controlled,1024,0.017903645833333332,0.027718098958333333,8.3154296875,0.0415771484375,0,1.0,False,8.0,7170,0.13232279249996282,0.0007965109998622211
existing_14,local,64,0.028485729189957773,0.05403889385696842,0.8839713541667282,0.2120882924817146,0,1.0,False,1252.0,1858,0.7219104279997737,6.17902141400009
existing_14,local,256,0.014906083879830305,0.027887764472636405,0.40544162326392585,0.1260410529106678,0,1.0,False,3877.0,7426,2.884318085999894,6.17902141400009
existing_14,local,1024,0.007914166131084702,0.01128979218677834,0.17858913845510485,0.05682693830283851,0,1.0,False,9759.0,29698,11.552561020999747,6.17902141400009
existing_14,organization,64,0.02848572918995773,0.05403889385696843,0.8839713541667266,0.21208829248171443,0,1.0,False,1252.0,1858,0.7219104279997737,6.17902141400009
existing_14,organization,256,0.014906083879830261,0.027887764472636394,0.405441623263926,0.1260410529106676,0,1.0,False,3877.0,7426,2.884318085999894,6.17902141400009
existing_14,organization,1024,0.007914166131084664,0.011289792186778303,0.1785891384551048,0.056826938302838505,0,1.0,False,9759.0,29698,11.552561020999747,6.17902141400009
existing_14,permanent_unit,64,0.028485729189957766,0.05403889385696841,0.2946571180555761,0.21208829248171454,0,1.0,False,1252.0,1858,0.7219104279997737,6.17902141400009
existing_14,permanent_unit,256,0.01490608387983031,0.027887764472636436,0.13514720775464203,0.12604105291066775,0,1.0,False,3877.0,7426,2.884318085999894,6.17902141400009
existing_14,permanent_unit,1024,0.007914166131084697,0.011289792186778329,0.059529712818368295,0.05682693830283849,0,1.0,False,9759.0,29698,11.552561020999747,6.17902141400009
extended_20,local,64,0.01781470873191535,0.04553009894028072,27871.989996566463,0.28203868547453537,0,1.0,False,2135.0,2626,0.7273685970003498,
extended_20,local,256,0.012225046125064566,0.01795326073619582,12478.351046305552,0.12993867859230496,0,1.0,False,7790.0,10498,2.920114599000044,
extended_20,local,1024,0.004828675369455507,0.008956006029535557,5320.000413415085,0.0525853347693095,0,1.0,False,27718.0,41986,11.770770904000074,
extended_20,organization,64,0.01781470873191535,0.045530098940280754,27763.513845023066,0.28203868547453526,0,1.0,False,2135.0,2626,0.7273685970003498,
extended_20,organization,256,0.012225046125064526,0.017953260736195815,12429.786035365265,0.129938678592305,0,1.0,False,7790.0,10498,2.920114599000044,
extended_20,organization,1024,0.00482867536945548,0.008956006029535557,5299.295283600965,0.05258533476930954,0,1.0,False,27718.0,41986,11.770770904000074,
extended_20,permanent_unit,64,0.01781470873191534,0.045530098940280726,3076.1728089843805,0.2820386854745354,0,1.0,False,2135.0,2626,0.7273685970003498,
extended_20,permanent_unit,256,0.012225046125064535,0.017953260736195808,1377.2093128024103,0.12993867859230507,0,1.0,False,7790.0,10498,2.920114599000044,
extended_20,permanent_unit,1024,0.004828675369455493,0.008956006029535533,587.1572362629712,0.05258533476930952,0,1.0,False,27718.0,41986,11.770770904000074,
quintic,controlled,64,0.109375,0.17187500000000006,48.984375,0.408203125,0,1.0,True,32.0,706,0.011566868999807411,0.0009854100003394706
quintic,controlled,256,0.056640625,0.10898437500000001,23.91796875,0.19931640625,0,1.0,True,32.0,2818,0.04574072649984373,0.0009854100003394706
quintic,controlled,1024,0.03271484375,0.04736328125000001,10.681640625,0.089013671875,0,1.0,True,32.0,11266,0.17655170450007063,0.0009854100003394706
stress_14,local,64,0.045721435194783625,0.08359161797464472,25073.382613567446,1.943310289734658,5,1.0,False,1252.0,1858,0.4762701920003565,4.073267832000056
stress_14,local,256,0.023518644094584477,0.035470332410539734,12352.642103944934,0.8057623663153696,0,1.0,False,3877.0,7426,1.8986976159999358,4.073267832000056
stress_14,local,1024,0.00964808347158362,0.018490639446083913,6874.546551868706,0.3875862780772675,0,1.0,False,9759.0,29698,7.553031362999718,4.073267832000056
stress_14,organization,64,0.045721435194783666,0.08359161797464479,24975.798477937715,1.9433102897346577,5,1.0,False,1252.0,1858,0.4762701920003565,4.073267832000056
stress_14,organization,256,0.023518644094584484,0.035470332410539686,12304.56634484074,0.8057623663153692,0,1.0,False,3877.0,7426,1.8986976159999358,4.073267832000056
stress_14,organization,1024,0.009648083471583536,0.018490639446083854,6847.7912195926665,0.38758627807726753,0,1.0,False,9759.0,29698,7.553031362999718,4.073267832000056
stress_14,permanent_unit,64,0.04572143519478364,0.08359161797464476,2767.2964088541758,1.943310289734658,5,1.0,False,1252.0,1858,0.4762701920003565,4.073267832000056
stress_14,permanent_unit,256,0.023518644094584477,0.03547033241053971,1363.3350817057578,0.8057623663153693,0,1.0,False,3877.0,7426,1.8986976159999358,4.073267832000056
stress_14,permanent_unit,1024,0.00964808347158357,0.01849063944608392,758.729218098923,0.3875862780772675,0,1.0,False,9759.0,29698,7.553031362999718,4.073267832000056
zero_net_cubic,controlled,64,0.044921875,0.078515625,31.406250000000004,0.15703125,0,1.0,False,8.0,450,0.008714695999742617,0.0006757870000910771
zero_net_cubic,controlled,256,0.02099609375,0.04951171875000001,19.804687500000004,0.08652343750000001,0,1.0,False,8.0,1794,0.03287404299976515,0.0006757870000910771
zero_net_cubic,controlled,1024,0.013427734375,0.02078857421875,8.3154296875,0.0392578125,0,1.0,False,8.0,7170,0.13338686849988335,0.0006757870000910771
